<?xml version="1.0"?>
<!--Created by Liquid XML 2008 (www.liquid-technologies.com) for Altera-->
<ProgramExecution xmlns:xs="http://www.w3.org/2001/XMLSchema-instance">
	<QuartusExecution>
		<AddressBits>64</AddressBits>
		<ApplicationError>
		<Bits>64</Bits>
		<CommandLine>quartus D:\Exp4\main\main.qpf</CommandLine>
		<ErrorMessage>Access Violation at 0X0000000072D3C385</ErrorMessage>
		<Line>0</Line>
		<Platform>windows</Platform>
		<SourceFile>unknown</SourceFile>
		<StackTrace>
	 0x72d3c384: (??1QWidget@@UEAA@XZ + 0x484)
	 0x72d3e4c5: (?qt_static_metacall@QWidget@@CAXPEAVQObject@@W4Call@QMetaObject@@HPEAPEAX@Z + 0x295)
	 0x7378c89d: (?deleteChildren@QObjectPrivate@@QEAAXXZ + 0x9d)
	 0x72d3c66f: (??1QWidget@@UEAA@XZ + 0x76f)
	0x7fee534cf09: (??1QUI_MDI_SUB_WND@@UEAA@XZ + 0xb9)
	 0x7378d656: (?event@QObject@@UEAA_NPEAVQEvent@@@Z + 0x96)
	 0x72d3ada8: (?event@QWidget@@MEAA_NPEAVQEvent@@@Z + 0xd18)
	 0x72cf28f5: (?notify_helper@QApplicationPrivate@@QEAA_NPEAVQObject@@PEAVQEvent@@@Z + 0xf5)
	 0x72cf5297: (?notify@QApplication@@UEAA_NPEAVQObject@@PEAVQEvent@@@Z + 0x17f7)
	 0x7377a7c1: (?notifyInternal@QCoreApplication@@AEAA_NPEAVQObject@@PEAVQEvent@@@Z + 0x71)
	 0x7377c7cb: (?sendPostedEvents@QCoreApplicationPrivate@@SAXPEAVQObject@@HPEAVQThreadData@@@Z + 0x29b)
	 0x736979ed: (?trUtf8@QEventDispatcherWin32@@SA?AVQString@@PEBD0H@Z + 0x23d)
	 0x73697c27: (?terminate@QThread@@QEAAXXZ + 0xa7)
	0x7feeb8188e2: (sld_redq_create_frame_wnd + 0x382)
	0x7feeb81acb3: (sld_redq_create_frame_wnd + 0x2753)
	0x7feeb811576: (Redq_Unload + 0xb436)
	0x7feeb8156f3: (Redq_Unload + 0xf5b3)
	0x7feeb803c4e:
	0x7feeb806d13: (Redq_Unload + 0xbd3)
	 0x7378c89d: (?deleteChildren@QObjectPrivate@@QEAAXXZ + 0x9d)
	 0x72d3c66f: (??1QWidget@@UEAA@XZ + 0x76f)
	0x7feeb814d74: (Redq_Unload + 0xec34)
	 0x7378c89d: (?deleteChildren@QObjectPrivate@@QEAAXXZ + 0x9d)
	 0x72d3c66f: (??1QWidget@@UEAA@XZ + 0x76f)
	0x7feeb806607: (Redq_Unload + 0x4c7)
	 0x7378c89d: (?deleteChildren@QObjectPrivate@@QEAAXXZ + 0x9d)
	 0x72d3c66f: (??1QWidget@@UEAA@XZ + 0x76f)
	0x7feeb8064e7: (Redq_Unload + 0x3a7)
	 0x7378d656: (?event@QObject@@UEAA_NPEAVQEvent@@@Z + 0x96)
	 0x72d3ada8: (?event@QWidget@@MEAA_NPEAVQEvent@@@Z + 0xd18)
	 0x730689a4: (?event@QMainWindow@@MEAA_NPEAVQEvent@@@Z + 0x284)
	 0x72cf28f5: (?notify_helper@QApplicationPrivate@@QEAA_NPEAVQObject@@PEAVQEvent@@@Z + 0xf5)
	 0x72cf5297: (?notify@QApplication@@UEAA_NPEAVQObject@@PEAVQEvent@@@Z + 0x17f7)
	 0x7377a7c1: (?notifyInternal@QCoreApplication@@AEAA_NPEAVQObject@@PEAVQEvent@@@Z + 0x71)
	 0x7377c7cb: (?sendPostedEvents@QCoreApplicationPrivate@@SAXPEAVQObject@@HPEAVQThreadData@@@Z + 0x29b)
	 0x737a11de: (?event@QEventDispatcherWin32@@UEAA_NPEAVQEvent@@@Z + 0x70e)
	 0x77909bd0: (TranslateMessageEx + 0x2a0)
	 0x779098d9: (TranslateMessage + 0x1e9)
	 0x737a2f69: (?processEvents@QEventDispatcherWin32@@UEAA_NV?$QFlags@W4ProcessEventsFlag@QEventLoop@@@@@Z + 0x3b9)
	 0x72d53564: (?translateTouchEvent@QApplicationPrivate@@QEAA_NAEBUtagMSG@@@Z + 0x884)
	 0x73779cf0: (?exec@QEventLoop@@QEAAHV?$QFlags@W4ProcessEventsFlag@QEventLoop@@@@@Z + 0x230)
	 0x7377e5ff: (?exec@QCoreApplication@@SAHXZ + 0xdf)
	0x13fd7108e:
	0x7feebc3a7f8: (?msg_exe_fini@@YAXXZ + 0x58)
	0x7feebc3af3c: (?msg_exe_fini@@YAXXZ + 0x79c)
	0x7feebd21f14: (??1MEM_SEGMENT_INTERNAL@@UEAA@XZ + 0x194)
	0x7feebc3b8bf: (?msg_exe_main@@YAHHPEAPEBDP6AHH0@Z@Z + 0x8f)
	0x13fd71ab2:
	0x13fd713de:
	 0x77a0652c: (BaseThreadInitThunk + 0xc)
	 0x77b3c520: (RtlUserThreadStart + 0x20)
		</StackTrace>
		<Subsystem>unknown</Subsystem>
	</ApplicationError>
	<Compilation>
			<CompileID>0</CompileID>
			<DeviceFamily/>
			<IncrementalCompilation/>
			<TopLevelEntityName/>
		</Compilation>
		<DateInvoked>2019/05/07 16:04:30</DateInvoked>
		<ElapsedTime>7477</ElapsedTime>
		<IP>101.76.206.230</IP>
		<IsInternal>false</IsInternal>
		<IsQt>true</IsQt>
		<License>
			<Edition>Full Version</Edition>
			<LicenseHostID>509a4c1e43e6</LicenseHostID>
		</License>
		<Machine>
			<CPUCountLogical>8</CPUCountLogical>
			<CPUCountPhysical>1</CPUCountPhysical>
			<CPUSpeed>3408</CPUSpeed>
			<Hostname>WIN-4OVDD1VV6</Hostname>
			<NIC>
				<Address>509a4c1e43e6</Address>
			</NIC>
			<OS>Windows 7</OS>
			<OSAddressBits>64</OSAddressBits>
			<OSVersion>6.1</OSVersion>
			<Platform>windows</Platform>
			<ScreenResolution>unknown</ScreenResolution>
			<TotalPhysicalRAM>8076</TotalPhysicalRAM>
			<TotalVirtualRAM>8074</TotalVirtualRAM>
		</Machine>
		<Name>quartus</Name>
		<PeakMemoryUsed>0</PeakMemoryUsed>
		<ProjectRevision>
			<ProjectName/>
			<Revision/>
		</ProjectRevision>
		<QuartusInstallation>
			<InstallationID>88623632237011.151546468502324</InstallationID>
			<Version>
				<Build>162</Build>
				<BuildSite>SJ</BuildSite>
				<BuildSuffix/>
				<Edition>Full Version</Edition>
				<ServicePack>0</ServicePack>
				<VersionNumber>13.1</VersionNumber>
			</Version>
		</QuartusInstallation>
		<QuartusUser>
			<AlteraUserName/>
			<FAEContactName/>
			<TalkbackStatus>
				<DateSet/>
				<TalkbackOn>true</TalkbackOn>
			</TalkbackStatus>
			<UserID>88623632236646.150632441504016</UserID>
			<UserName>Administrator</UserName>
		</QuartusUser>
	</QuartusExecution>
	<SchemaVersion>schema_2013-01-18</SchemaVersion>
</ProgramExecution>

